{
    "schema_version": 2,
    "macros": [
        {
            "attributes": {
                "action": "/w gm &{template:traits} {{name=Gerador de Dungeons}} {{source=https://rpg.charlescorrea.com.br}} {{description=[img](https://i.imgur.com/83uZrE8.jpg)\n\n``** ?{Escolha uma opção|Tamanho,*Tamanho da Dungeon*: [[1t[015-GERADOR-DE-DUNGEON-TAMANHO]]] |O que encontra em uma das salas?,*Os Jogadores encontram*: [[1t[015-GERADOR-DE-DUNGEON-SALAS]]] |Quantos inimigos são encontrados na sala?,*Os Jogadores encontram*: [[1t[015-GERADOR-DE-DUNGEON-INIMIGOS]]] |Que Armadilhas são encontradas na sala?,*Os Jogadores encontram*: [[1t[015-GERADOR-DE-DUNGEON-ARMADILHAS]]] |Que tesouros são encontrados na sala,*os Jogadores encontram*: [[1t[015-GERADOR-DE-DUNGEON-TESOUROS]]]} **``\n\n**Explicações:**\n\n**Tamanho**: Aqui neste resultado lhe dará o tamanho e quantas salas a dungeon tem para a sua aventura\n________________________\n**Salas**: Após determinar o tamanho da dungeon, seus jogadores ao adentram em uma sala selecione essa opção para determinar o que é encontrado nela, dependendo do resultado role a macro novamente para determinar o que é encontrado nessa sala em específico\n________________________\n**Inimigos**: Se ao rolar a macro perguntando o que havia na sala que os jogadores adentraram e o seu resultado for INIMIGOS essa opção irá lhe determinar quantos e quais inimigos os jogadores teram de enfrentar.\n________________________\n**Armadilhas**: Se ao rolar a macro perguntando o que havia na sala que os jogadores adentraram e o seu resultado for ARMADILHAS essa opção irá lhe determinar quais armadilhas os jogadores teram de enfrentar.\n________________________\n**Tesouros**: Se ao rolar a macro perguntando o que havia na sala que os jogadores adentraram e o seu resultado for TESOUROS essa opção irá lhe determinar quantos e quais tesouros os jogadores encontram.\n________________________\n**Quantidade**: Se algum resultado gerado pela macro solicitar a rolagem de 1d8 o resultado é [[1d8]], mas fica a critério do GM usar esse valor ou não.\n________________________\n-----------------------------\n[Macro By Charles Corrêa http://rpg.charlescorrea.com.br](https://i.imgur.com/kQM1O9d.gif)\n-----------------------------\n``**[Macro By Charles Corrêa](http://rpg.charlescorrea.com.br)**``\n-----------------------------\n}}",
                "istokenaction": false,
                "name": "15-Gerador-de-Dungeons",
                "visibleto": ""
            },
            "macrobar": {
                "color": null,
                "name": null
            }
        }
    ]
}