{
    "name": "015-GERADOR-DE-DUNGEON-ARMADILHAS",
    "showplayers": true,
    "id": "-NAyQC8F6fqUv5PU9Tux",
    "items": {
        "-NAyQG9k9B6dShxKX-tS": {
            "id": "-NAyQG9k9B6dShxKX-tS",
            "name": "Teto cai na cabeça se não sair logo"
        },
        "-NAyQI9Y-_RiTtmf3jie": {
            "id": "-NAyQI9Y-_RiTtmf3jie",
            "name": "Chão abre para um fosso de 1d10 metros"
        },
        "-NAyQK-_N0HqGiIS1bjD": {
            "id": "-NAyQK-_N0HqGiIS1bjD",
            "name": "Fungos na sala deixam o ar envenenado"
        },
        "-NAyQLubC8Jg2NPeIrBe": {
            "id": "-NAyQLubC8Jg2NPeIrBe",
            "name": "O chão escorrega e as paredes contam com estacas e lanças pontiagudas"
        },
        "-NAyQNdhYZlMDBGFUiMH": {
            "id": "-NAyQNdhYZlMDBGFUiMH",
            "name": "Um mecanismo que dispara um projétil role 1d4 caso dê nº par o projétil é envenenado, caso dê impar não"
        },
        "-NAyQPLQ-J8QAP17v0Ob": {
            "id": "-NAyQPLQ-J8QAP17v0Ob",
            "name": "A sala é trancada após a entrada e começa a encher de água"
        }
    }
}