{
    "name": "015-GERADOR-DE-DUNGEON-INIMIGOS",
    "showplayers": true,
    "id": "-NAyP_K7TmOkxpARzKkc",
    "items": {
        "-NAyPnrDlbui-p8cUd-Y": {
            "id": "-NAyPnrDlbui-p8cUd-Y",
            "name": "Um chefe e 3 lacaios fortes (ficando a critério do GM qual tipo de criatura os jogadores vão encontrar)"
        },
        "-NAyPq944RZfap24yzUl": {
            "id": "-NAyPq944RZfap24yzUl",
            "name": "um chefe (ficando a critério do GM qual tipo de criatura os jogadores vão encontrar)"
        },
        "-NAyPsCdWtGnyYT97sMl": {
            "id": "-NAyPsCdWtGnyYT97sMl",
            "name": "Um lacaio forte e 3 fracos (ficando a critério do GM qual tipo de criatura os jogadores vão encontrar)"
        },
        "-NAyPyukW0XtZdNidhWQ": {
            "id": "-NAyPyukW0XtZdNidhWQ",
            "name": "Três lacaios fracos (ficando a critério do GM qual tipo de criatura os jogadores vão encontrar)"
        },
        "-NAyPzo4Rtla92UpwHWK": {
            "id": "-NAyPzo4Rtla92UpwHWK",
            "name": "Três lacaios FORTES (ficando a critério do GM qual tipo de criatura os jogadores vão encontrar)"
        },
        "-NAyQ1VzYMBwTwZYfFqx": {
            "id": "-NAyQ1VzYMBwTwZYfFqx",
            "name": "Dois lacaios fracos (ficando a critério do GM qual tipo de criatura os jogadores vão encontrar)"
        },
        "-NAyQ2IcpcSHTff-X33t": {
            "id": "-NAyQ2IcpcSHTff-X33t",
            "name": "Dois lacaios FORTES (ficando a critério do GM qual tipo de criatura os jogadores vão encontrar)"
        },
        "-NAyQ54FP_4QMkHekPy8": {
            "id": "-NAyQ54FP_4QMkHekPy8",
            "name": "Um lacaio fraco (ficando a critério do GM qual tipo de criatura os jogadores vão encontrar)"
        },
        "-NAyQ5kUE4w7mlqwqnl-": {
            "id": "-NAyQ5kUE4w7mlqwqnl-",
            "name": "Um lacaio FORTE (ficando a critério do GM qual tipo de criatura os jogadores vão encontrar)"
        },
        "-NAz3mufEnvYBtKqCLYK": {
            "id": "-NAz3mufEnvYBtKqCLYK",
            "name": "Enxame de Insetos"
        },
        "-NAz3qgu-nq4g7eHFOE5": {
            "id": "-NAz3qgu-nq4g7eHFOE5",
            "name": "Enxame de Morcegos"
        },
        "-NAz3tSqaNsx9QHsoTYn": {
            "id": "-NAz3tSqaNsx9QHsoTYn",
            "name": "Aranhas Gigantes (rolar 1d4 ou 1d8 para determinar a quantidade) "
        },
        "-NAz4RAcQIuqrud4bYMc": {
            "id": "-NAz4RAcQIuqrud4bYMc",
            "name": "Orc's (Jogue 1d8 para determinar a quantidade de criaturas a serem adicionadas na sala)"
        },
        "-NAz4ecYYczOvD-Uoq6d": {
            "id": "-NAz4ecYYczOvD-Uoq6d",
            "name": "Goblin (Jogue 1d8 para determinar a quantidade de criaturas a serem adicionadas na sala)"
        },
        "-NAz4gb5dIc4NiDXUMCT": {
            "id": "-NAz4gb5dIc4NiDXUMCT",
            "name": "Fantasmas (Jogue 1d8 para determinar a quantidade de criaturas a serem adicionadas na sala)"
        },
        "-NAz4j2WT65ayqcfoSr7": {
            "id": "-NAz4j2WT65ayqcfoSr7",
            "name": "Enxame de Vermes (Jogue 1d8 para determinar a quantidade de criaturas a serem adicionadas na sala)"
        },
        "-NAz4wRxi61UtzB67wRc": {
            "id": "-NAz4wRxi61UtzB67wRc",
            "name": "Kobolt's (Jogue 1d8 para determinar a quantidade de criaturas a serem adicionadas na sala)"
        },
        "-NAz4zWcJ45EYb1UIqU-": {
            "id": "-NAz4zWcJ45EYb1UIqU-",
            "name": "Ladrões (Jogue 1d8 para determinar a quantidade de criaturas a serem adicionadas na sala)"
        },
        "-NAz50Lwj-xcEapT5Rz0": {
            "id": "-NAz50Lwj-xcEapT5Rz0",
            "name": "Arqueiros (Jogue 1d8 para determinar a quantidade de criaturas a serem adicionadas na sala)"
        },
        "-NAz52Gy4hhlbknAWWGj": {
            "id": "-NAz52Gy4hhlbknAWWGj",
            "name": "Bruxos (Jogue 1d8 para determinar a quantidade de criaturas a serem adicionadas na sala)"
        },
        "-NAz55KNXEwCyvoqFeBE": {
            "id": "-NAz55KNXEwCyvoqFeBE",
            "name": "Soldados (Jogue 1d8 para determinar a quantidade de criaturas a serem adicionadas na sala)"
        },
        "-NAz5B4Waj9G-GtycGzX": {
            "id": "-NAz5B4Waj9G-GtycGzX",
            "name": "Assassinos (Jogue 1d8 para determinar a quantidade de criaturas a serem adicionadas na sala)"
        },
        "-NAz64fMIrfZ7JCrVmIx": {
            "id": "-NAz64fMIrfZ7JCrVmIx",
            "name": "Pseudodragon (Jogue 1d8 para determinar a quantidade de criaturas a serem adicionadas na sala)"
        },
        "-NAz6AZcyafDEKw-Oba1": {
            "id": "-NAz6AZcyafDEKw-Oba1",
            "name": "Magos (Jogue 1d8 para determinar a quantidade de criaturas a serem adicionadas na sala)"
        },
        "-NAz6BzM3MLjPDtGb4vV": {
            "id": "-NAz6BzM3MLjPDtGb4vV",
            "name": "Feiticeiros (Jogue 1d8 para determinar a quantidade de criaturas a serem adicionadas na sala)"
        },
        "-NAz6ajrROCkJnU3SXCE": {
            "id": "-NAz6ajrROCkJnU3SXCE",
            "name": "Encontro Fácil com 1 Monstro para cada PJ (que estão na sala ou não)"
        },
        "-NAz6eZoDHf4Zz4upxUt": {
            "id": "-NAz6eZoDHf4Zz4upxUt",
            "name": "Encontro Fácil com 2 Monstros para cada PJ (que estão na sala ou não)"
        },
        "-NAz6i9fPpsXLWEM9ZGG": {
            "id": "-NAz6i9fPpsXLWEM9ZGG",
            "name": "Encontro Médio com 1 Monstro para cada 2 PJ"
        },
        "-NAz6pKa6JybwiOY8aQa": {
            "id": "-NAz6pKa6JybwiOY8aQa",
            "name": "Encontro Médio com 2 Monstro Médios para cada 1 PJ"
        },
        "-NAz6y-hwGb5CTx8gELE": {
            "id": "-NAz6y-hwGb5CTx8gELE",
            "name": "Role a tabela Novamente duas vezes"
        }
    }
}