{
    "name": "015-GERADOR-DE-DUNGEON-SALAS",
    "showplayers": true,
    "id": "-NAyPBhvaq1eWi0UBp7j",
    "items": {
        "-NAyPDYHxmVR2-Mana-v": {
            "id": "-NAyPDYHxmVR2-Mana-v",
            "name": "Inimigos"
        },
        "-NAyPQLZKcRzlFA-u0jY": {
            "id": "-NAyPQLZKcRzlFA-u0jY",
            "name": "Armadilha"
        },
        "-NAyPSYMga0hOlp1Gycy": {
            "id": "-NAyPSYMga0hOlp1Gycy",
            "name": "Nada de interessante"
        },
        "-NAyPUIkKT7e5g0iv0u7": {
            "id": "-NAyPUIkKT7e5g0iv0u7",
            "name": "Inimigos"
        },
        "-NAyPW9_htPX4QaUQ4nh": {
            "id": "-NAyPW9_htPX4QaUQ4nh",
            "name": "Tesouro + Inimigo"
        },
        "-NAyPXhC71PdzxbnNoKH": {
            "id": "-NAyPXhC71PdzxbnNoKH",
            "name": "Tesouro"
        },
        "-NAz3dVbftD55ePPbqox": {
            "id": "-NAz3dVbftD55ePPbqox",
            "name": "Sala Vazia"
        }
    }
}