{
    "name": "015-GERADOR-DE-DUNGEON-TAMANHO",
    "showplayers": true,
    "id": "-NAyOD-rOSpQv9rzWx90",
    "items": {
        "-NAyOFmj4KSPILAL_hm3": {
            "id": "-NAyOFmj4KSPILAL_hm3",
            "name": "Minúscula: 3 salas"
        },
        "-NAyOMIpRnbgOCmN_3mg": {
            "id": "-NAyOMIpRnbgOCmN_3mg",
            "name": "Pequena: 5 salas"
        },
        "-NAyOOh1bxqtgbejpRql": {
            "id": "-NAyOOh1bxqtgbejpRql",
            "name": "Mediana: 7 salas"
        },
        "-NAyOQfD_ICpCQUbEzGn": {
            "id": "-NAyOQfD_ICpCQUbEzGn",
            "name": "Grande: 9 salas"
        },
        "-NAyOSRI5k7bqnUxohYy": {
            "id": "-NAyOSRI5k7bqnUxohYy",
            "name": "Enorme: 11 salas"
        },
        "-NAyOUG7LqsDs1a6_nW1": {
            "id": "-NAyOUG7LqsDs1a6_nW1",
            "name": "Gigante: 15 salas"
        }
    }
}