{
    "name": "015-GERADOR-DE-DUNGEON-TESOUROS",
    "showplayers": true,
    "id": "-NAyQSIV-G87Eci0kA7t",
    "items": {
        "-NAyQYGZqzWHd08Salbn": {
            "id": "-NAyQYGZqzWHd08Salbn",
            "name": "Algum dinheiro (Role 3d8 para determinar a quantidade e 1d4 para determinar a moeda 1= ouro, 2 = prata, 3 = cobre, 4 = Role os dados novamente)"
        },
        "-NAyQ_OSUv_ALqM2QO1I": {
            "id": "-NAyQ_OSUv_ALqM2QO1I",
            "name": "Algo consumível"
        },
        "-NAyQcZFsdpezJAK1dhT": {
            "id": "-NAyQcZFsdpezJAK1dhT",
            "name": "Uma jóia"
        },
        "-NAyQeNzcdFnakA0RGuW": {
            "id": "-NAyQeNzcdFnakA0RGuW",
            "name": "Um artefato"
        },
        "-NAyQhkh8FYLibCmLJ7Q": {
            "id": "-NAyQhkh8FYLibCmLJ7Q",
            "name": "Uma bugiganga"
        },
        "-NAyQjwoglBbNnlf1Sfy": {
            "id": "-NAyQjwoglBbNnlf1Sfy",
            "name": "Uma arma mundana/comum"
        },
        "-NAyQli5XEN2Ckn-27aH": {
            "id": "-NAyQli5XEN2Ckn-27aH",
            "name": "Uma roupa com efeitos mágicos"
        },
        "-NAyQnr8LqiF7G_uP4jq": {
            "id": "-NAyQnr8LqiF7G_uP4jq",
            "name": "Role 2 vezes"
        },
        "-NAyQpjZ3GfXdSoOsBff": {
            "id": "-NAyQpjZ3GfXdSoOsBff",
            "name": "Role 3 vezes"
        },
        "-NAz78e_ikOZKdjxJsH7": {
            "id": "-NAz78e_ikOZKdjxJsH7",
            "name": "Roupas Comuns Novas"
        },
        "-NAz7Be7juHOU7W2OfT1": {
            "id": "-NAz7Be7juHOU7W2OfT1",
            "name": "Roupas Comuns Velhas"
        },
        "-NAz7KWkxv6ui26FdLs8": {
            "id": "-NAz7KWkxv6ui26FdLs8",
            "name": "Uma arma mágica"
        },
        "-NAz7MRnpVQfb_ZFBMKp": {
            "id": "-NAz7MRnpVQfb_ZFBMKp",
            "name": "Um escudo comum"
        },
        "-NAz7OWYQxfZiFq0PxsJ": {
            "id": "-NAz7OWYQxfZiFq0PxsJ",
            "name": "Um escudo mágico"
        },
        "-NAz7QccMBl6lmaGjOOC": {
            "id": "-NAz7QccMBl6lmaGjOOC",
            "name": "Um Arco Longo Comum"
        },
        "-NAz7TBetglroSEteekK": {
            "id": "-NAz7TBetglroSEteekK",
            "name": "Um Arco Longo Mágico"
        },
        "-NAz7VQVKUFpr9kEwk61": {
            "id": "-NAz7VQVKUFpr9kEwk61",
            "name": "Uma Besta de Mão Comum"
        },
        "-NAz83ndvMIqzxTZLjWs": {
            "id": "-NAz83ndvMIqzxTZLjWs",
            "name": "Uma Besta de Mão Mágica"
        }
    }
}