{
    "name": "022-GERADOR-DE-AVENTURAS-RPG-Desafios",
    "showplayers": false,
    "id": "-NCRwghXHnb7kb_jrgzM",
    "items": {
        "-NCRwghYjT5r_3cxCWOI": {
            "id": "-NCRwghYjT5r_3cxCWOI",
            "name": "Enigma ou Charada",
            "weight": "1"
        },
        "-NCRwgh_vUIGV1g5MB7A": {
            "id": "-NCRwgh_vUIGV1g5MB7A",
            "name": "A região é viva e ataca os personagens",
            "weight": "1"
        },
        "-NCRwghaOc72NeNgygzP": {
            "id": "-NCRwghaOc72NeNgygzP",
            "name": "Convencer Alguém",
            "weight": "1"
        },
        "-NCRwghb_3DlFzPIIX-a": {
            "id": "-NCRwghb_3DlFzPIIX-a",
            "name": "Enganar Alguém",
            "weight": "1"
        },
        "-NCRwghdzaeaj5V-yHw9": {
            "id": "-NCRwghdzaeaj5V-yHw9",
            "name": "Infiltrar um Lugar",
            "weight": "1"
        },
        "-NCRwghea3PpcFsZTZzs": {
            "id": "-NCRwghea3PpcFsZTZzs",
            "name": "Armadilha",
            "weight": "1"
        },
        "-NCRwghgdfYqMjE65ktl": {
            "id": "-NCRwghgdfYqMjE65ktl",
            "name": "Emboscada",
            "weight": "1"
        },
        "-NCRwghinL0nezdmye1P": {
            "id": "-NCRwghinL0nezdmye1P",
            "name": "Tribo Selvagem",
            "weight": "1"
        },
        "-NCRwghjk2lx32yDIzEp": {
            "id": "-NCRwghjk2lx32yDIzEp",
            "name": "Atravessar um lugar Furtivamente",
            "weight": "1"
        },
        "-NCRwghl8OG1ugQs_gE9": {
            "id": "-NCRwghl8OG1ugQs_gE9",
            "name": "Destruir um item ou obstáculo",
            "weight": "1"
        },
        "-NCRwghmqhHUEdKTcV79": {
            "id": "-NCRwghmqhHUEdKTcV79",
            "name": "Rastrear um item",
            "weight": "1"
        },
        "-NCRwghod5jbV0OR8V2M": {
            "id": "-NCRwghod5jbV0OR8V2M",
            "name": "Rastrear alguém",
            "weight": "1"
        },
        "-NCRwghpDstfgdDc4vun": {
            "id": "-NCRwghpDstfgdDc4vun",
            "name": "Rastrear um local",
            "weight": "1"
        },
        "-NCRwghr5HXxoRhz9zJW": {
            "id": "-NCRwghr5HXxoRhz9zJW",
            "name": "Uma luta entre dois oponentes (indivíduos ou grupos) e os personagens estão no meio",
            "weight": "1"
        },
        "-NCRwghtNXyhPtYY9OLK": {
            "id": "-NCRwghtNXyhPtYY9OLK",
            "name": "Algo ou Alguém começa a caçar os personagens",
            "weight": "1"
        },
        "-NCRwghuzoruS8IFOZ59": {
            "id": "-NCRwghuzoruS8IFOZ59",
            "name": "Um Guardião da Região Desperta",
            "weight": "1"
        },
        "-NCRwghwZ0pEpFNRif1n": {
            "id": "-NCRwghwZ0pEpFNRif1n",
            "name": "Fenômenos Naturais desafiam a Sanidade dos Personagens",
            "weight": "1"
        },
        "-NCRwghyrRe2c5q8oD3C": {
            "id": "-NCRwghyrRe2c5q8oD3C",
            "name": "Uma Catástrofe Natural",
            "weight": "1"
        },
        "-NCRwgi-S_NOBW0VW1L9": {
            "id": "-NCRwgi-S_NOBW0VW1L9",
            "name": "Um labirinto",
            "weight": "1"
        },
        "-NCRwgi0VaL6BuTNuexr": {
            "id": "-NCRwgi0VaL6BuTNuexr",
            "name": "Fugir ou Escapar",
            "weight": ""
        }
    }
}