{
    "name": "022-GERADOR-DE-AVENTURAS-RPG-LOCAL-MISSAO",
    "showplayers": false,
    "id": "-NCRv5_p1mVf0JemAQ4C",
    "items": {
        "-NCRv5_rGEHExWRoVD78": {
            "id": "-NCRv5_rGEHExWRoVD78",
            "name": "Deserto",
            "weight": "1"
        },
        "-NCRv5_stWsvEvSZ_9v1": {
            "id": "-NCRv5_stWsvEvSZ_9v1",
            "name": "Caverna",
            "weight": "1"
        },
        "-NCRv5_uf_qxbFfMt0yX": {
            "id": "-NCRv5_uf_qxbFfMt0yX",
            "name": "Montanha",
            "weight": "1"
        },
        "-NCRv5_vj9XcmxG31nzB": {
            "id": "-NCRv5_vj9XcmxG31nzB",
            "name": "Redoma Subaquática",
            "weight": "1"
        },
        "-NCRv5_wGnLGQcg_UeAu": {
            "id": "-NCRv5_wGnLGQcg_UeAu",
            "name": "Floresta",
            "weight": "1"
        },
        "-NCRv5_yxDGcmpcBwJF3": {
            "id": "-NCRv5_yxDGcmpcBwJF3",
            "name": "Templo",
            "weight": "1"
        },
        "-NCRv5a-jVe5gihthhsf": {
            "id": "-NCRv5a-jVe5gihthhsf",
            "name": "Taverna",
            "weight": "1"
        },
        "-NCRv5a1FE16t7Aegul3": {
            "id": "-NCRv5a1FE16t7Aegul3",
            "name": "Castelo",
            "weight": "1"
        },
        "-NCRv5a9b994LWHBNftj": {
            "id": "-NCRv5a9b994LWHBNftj",
            "name": "Reino",
            "weight": "1"
        },
        "-NCRv5aFOMnBhNvDL5L_": {
            "id": "-NCRv5aFOMnBhNvDL5L_",
            "name": "Vilarejo",
            "weight": "1"
        },
        "-NCRv5aHk8c9KkKteML1": {
            "id": "-NCRv5aHk8c9KkKteML1",
            "name": "Pântano",
            "weight": "1"
        },
        "-NCRv5aIxhdwTB3L_qpQ": {
            "id": "-NCRv5aIxhdwTB3L_qpQ",
            "name": "Neve",
            "weight": "1"
        },
        "-NCRv5aJT0bVmegw03nS": {
            "id": "-NCRv5aJT0bVmegw03nS",
            "name": "Planície",
            "weight": "1"
        },
        "-NCRv5aL15WXtQo6mnAu": {
            "id": "-NCRv5aL15WXtQo6mnAu",
            "name": "Lago",
            "weight": "1"
        },
        "-NCRv5aNNaI1C3b5PgbC": {
            "id": "-NCRv5aNNaI1C3b5PgbC",
            "name": "Oceano",
            "weight": "1"
        },
        "-NCRv5aO6uah2qszZsd2": {
            "id": "-NCRv5aO6uah2qszZsd2",
            "name": "Arquipélago",
            "weight": "1"
        },
        "-NCRv5aPmK60ucpU9y6D": {
            "id": "-NCRv5aPmK60ucpU9y6D",
            "name": "Academia de Magos",
            "weight": "1"
        },
        "-NCRv5aRHI01m2b4LrqV": {
            "id": "-NCRv5aRHI01m2b4LrqV",
            "name": "Centro de Treinamento",
            "weight": "1"
        },
        "-NCRv5aSgZCnRNI93mcB": {
            "id": "-NCRv5aSgZCnRNI93mcB",
            "name": "Casa de um NPC",
            "weight": "1"
        },
        "-NCRv5aUcQumb6HdsTMt": {
            "id": "-NCRv5aUcQumb6HdsTMt",
            "name": "Interior de uma Grande Árvore",
            "weight": ""
        }
    }
}