{
    "name": "022-GERADOR-DE-AVENTURAS-RPG-PATROCINADOR",
    "showplayers": false,
    "id": "-NCRteKBmH3vxv6ftEoa",
    "items": {
        "-NCRteKDdt_mdN-yefxJ": {
            "id": "-NCRteKDdt_mdN-yefxJ",
            "name": "Camponês(a)",
            "weight": "1"
        },
        "-NCRteKGDNWWetI8tqXC": {
            "id": "-NCRteKGDNWWetI8tqXC",
            "name": "Nobre",
            "weight": "1"
        },
        "-NCRteKIOZc9WDWfAMTT": {
            "id": "-NCRteKIOZc9WDWfAMTT",
            "name": "Rei ou Rainha",
            "weight": "1"
        },
        "-NCRteKL35nG09TbBxSO": {
            "id": "-NCRteKL35nG09TbBxSO",
            "name": "Príncipe ou Princesa",
            "weight": "1"
        },
        "-NCRteKQB5ci0WWGoVsp": {
            "id": "-NCRteKQB5ci0WWGoVsp",
            "name": "Taverneiro(a)",
            "weight": "1"
        },
        "-NCRteKSWMbi0L4fZ3bS": {
            "id": "-NCRteKSWMbi0L4fZ3bS",
            "name": "Artífice",
            "weight": "1"
        },
        "-NCRteKYgMdgDsIYO7Ne": {
            "id": "-NCRteKYgMdgDsIYO7Ne",
            "name": "General",
            "weight": "1"
        },
        "-NCRteK_fNbsjNba9Wv9": {
            "id": "-NCRteK_fNbsjNba9Wv9",
            "name": "Druida",
            "weight": "1"
        },
        "-NCRteKcTtGdWzmUbNYg": {
            "id": "-NCRteKcTtGdWzmUbNYg",
            "name": "Conselheiro(a)",
            "weight": "1"
        },
        "-NCRteKdQP6uX6OTawAT": {
            "id": "-NCRteKdQP6uX6OTawAT",
            "name": "Soldado(a)",
            "weight": "1"
        },
        "-NCRteKf4PpwWryFNK75": {
            "id": "-NCRteKf4PpwWryFNK75",
            "name": "Bardo(a)",
            "weight": "1"
        },
        "-NCRteKipK8Et2amIQq_": {
            "id": "-NCRteKipK8Et2amIQq_",
            "name": "Pai ou Mãe",
            "weight": "1"
        },
        "-NCRteKkZW3kGGFz2HfG": {
            "id": "-NCRteKkZW3kGGFz2HfG",
            "name": "Irmão ou Irmã",
            "weight": "1"
        },
        "-NCRteKmDs2BYHJsJlkf": {
            "id": "-NCRteKmDs2BYHJsJlkf",
            "name": "Aventureiro(a)",
            "weight": "1"
        },
        "-NCRteKoTbiGFVElfINT": {
            "id": "-NCRteKoTbiGFVElfINT",
            "name": "Mago(a)",
            "weight": "1"
        },
        "-NCRteKq1FJ7ExtLZppg": {
            "id": "-NCRteKq1FJ7ExtLZppg",
            "name": "Feiticeiro(a)",
            "weight": "1"
        },
        "-NCRteKswoE5DQiHuYS8": {
            "id": "-NCRteKswoE5DQiHuYS8",
            "name": "Diplomata",
            "weight": "1"
        },
        "-NCRteKuaOz_b4TyBr4h": {
            "id": "-NCRteKuaOz_b4TyBr4h",
            "name": "Alquimista",
            "weight": "1"
        },
        "-NCRteKwVLYP5sm_rZub": {
            "id": "-NCRteKwVLYP5sm_rZub",
            "name": "Bruxo(a)",
            "weight": "1"
        },
        "-NCRteKyjVwi2by2xycR": {
            "id": "-NCRteKyjVwi2by2xycR",
            "name": "Caçador(a) de Sangue",
            "weight": ""
        }
    }
}