{
    "name": "022-GERADOR-DE-AVENTURAS-RPG-PLOT-TWIST",
    "showplayers": false,
    "id": "-NCRvKXlXmlJv5ysPCXu",
    "items": {
        "-NCRvKXmvDW1LWJJvKox": {
            "id": "-NCRvKXmvDW1LWJJvKox",
            "name": "O contrante era o culpado",
            "weight": "1"
        },
        "-NCRvKXo1n9uSXFr9Xhf": {
            "id": "-NCRvKXo1n9uSXFr9Xhf",
            "name": "O objetivo era uma mentira",
            "weight": "1"
        },
        "-NCRvKXpjAy0mdnOnbYO": {
            "id": "-NCRvKXpjAy0mdnOnbYO",
            "name": "Era uma emboscada",
            "weight": "1"
        },
        "-NCRvKXrmnXZl8JXgO7C": {
            "id": "-NCRvKXrmnXZl8JXgO7C",
            "name": "O local era uma Ilusão",
            "weight": "1"
        },
        "-NCRvKXs8HKyXjR6D_ig": {
            "id": "-NCRvKXs8HKyXjR6D_ig",
            "name": "O motivo era uma mentira",
            "weight": "1"
        },
        "-NCRvKXuGjKL5EtvNaIJ": {
            "id": "-NCRvKXuGjKL5EtvNaIJ",
            "name": "O contratante morre",
            "weight": "1"
        },
        "-NCRvKXvBpFFF98Ivdrd": {
            "id": "-NCRvKXvBpFFF98Ivdrd",
            "name": "O contratante era um monstro disfarçado",
            "weight": "1"
        },
        "-NCRvKXyyLJzYFBOiPCp": {
            "id": "-NCRvKXyyLJzYFBOiPCp",
            "name": "O objetivo não está mais lá",
            "weight": "1"
        },
        "-NCRvKXzyngIaImuJjyp": {
            "id": "-NCRvKXzyngIaImuJjyp",
            "name": "A missão era uma aposta",
            "weight": "1"
        },
        "-NCRvKY0QtCvBc82YHX8": {
            "id": "-NCRvKY0QtCvBc82YHX8",
            "name": "Era tudo um teste para uma Guilda",
            "weight": "1"
        },
        "-NCRvKY1YoH8AIyvxWbf": {
            "id": "-NCRvKY1YoH8AIyvxWbf",
            "name": "Era um sonho",
            "weight": "1"
        },
        "-NCRvKY2Mf_TqWBXl9SX": {
            "id": "-NCRvKY2Mf_TqWBXl9SX",
            "name": "O local é um ser vivo",
            "weight": "1"
        },
        "-NCRvKY49JL9pTY4Ltvl": {
            "id": "-NCRvKY49JL9pTY4Ltvl",
            "name": "O local não existe",
            "weight": "1"
        },
        "-NCRvKY5qAgIegTIhUsO": {
            "id": "-NCRvKY5qAgIegTIhUsO",
            "name": "Era tudo o pedido de um Deus",
            "weight": "1"
        },
        "-NCRvKY7bNGwqSAckoLW": {
            "id": "-NCRvKY7bNGwqSAckoLW",
            "name": "Era tudo o pedido de um Demônio",
            "weight": "1"
        },
        "-NCRvKY8zv2IjCPv-4dH": {
            "id": "-NCRvKY8zv2IjCPv-4dH",
            "name": "O verdadeiro inimigo é a tempestade",
            "weight": "1"
        },
        "-NCRvKY9WFC3LrFaHQ0g": {
            "id": "-NCRvKY9WFC3LrFaHQ0g",
            "name": "O objetivo só pode ser concluído se alguém morrer",
            "weight": "1"
        },
        "-NCRvKYB_uP6ipXYVD2Q": {
            "id": "-NCRvKYB_uP6ipXYVD2Q",
            "name": "Concluir a missão implica nos personagens",
            "weight": "1"
        },
        "-NCRvKYCN8WeDRVNL06O": {
            "id": "-NCRvKYCN8WeDRVNL06O",
            "name": "gravemente doentes ou feridos",
            "weight": "1"
        },
        "-NCRvKYDfuv7E1Pss5Bk": {
            "id": "-NCRvKYDfuv7E1Pss5Bk",
            "name": "Apenas quem nunca matou pode concluir a missão",
            "weight": ""
        }
    }
}