{
    "name": "022-GERADOR-DE-AVENTURAS-RPG-MOTIVO-MISSAO",
    "showplayers": false,
    "id": "-NCRuq1r0bfvBfZe21DY",
    "items": {
        "-NCRuq1tQXTlKsxFfkcG": {
            "id": "-NCRuq1tQXTlKsxFfkcG",
            "name": "Maldição",
            "weight": "1"
        },
        "-NCRuq1w2zPNqT4TgHdu": {
            "id": "-NCRuq1w2zPNqT4TgHdu",
            "name": "Invasão",
            "weight": "1"
        },
        "-NCRuq1yVyO2iUg7b-Kq": {
            "id": "-NCRuq1yVyO2iUg7b-Kq",
            "name": "Apego Pessoal",
            "weight": "1"
        },
        "-NCRuq20-s18IZbHc_By": {
            "id": "-NCRuq20-s18IZbHc_By",
            "name": "Inauguração",
            "weight": "1"
        },
        "-NCRuq21DzklEn1nCeL7": {
            "id": "-NCRuq21DzklEn1nCeL7",
            "name": "Comemoração",
            "weight": "1"
        },
        "-NCRuq23Z0qYzjyBMMsC": {
            "id": "-NCRuq23Z0qYzjyBMMsC",
            "name": "Ameaça ou Perigo",
            "weight": "1"
        },
        "-NCRuq24epJcWyFjuKTX": {
            "id": "-NCRuq24epJcWyFjuKTX",
            "name": "Surgimento de um Portal",
            "weight": "1"
        },
        "-NCRuq26aeJ2urn9kGZ0": {
            "id": "-NCRuq26aeJ2urn9kGZ0",
            "name": "Nascimento de uma Criatura",
            "weight": "1"
        },
        "-NCRuq27w7kBI0Ec58ZV": {
            "id": "-NCRuq27w7kBI0Ec58ZV",
            "name": "Descoberta de uma Lenda",
            "weight": "1"
        },
        "-NCRuq28BPAKAMxY36Dp": {
            "id": "-NCRuq28BPAKAMxY36Dp",
            "name": "Sequestro ou Resgate",
            "weight": "1"
        },
        "-NCRuq2ARfYTl0rLkYkz": {
            "id": "-NCRuq2ARfYTl0rLkYkz",
            "name": "Alguém está Morrendo",
            "weight": "1"
        },
        "-NCRuq2CYnhChiHmRI40": {
            "id": "-NCRuq2CYnhChiHmRI40",
            "name": "Um Culto está Surgindo",
            "weight": "1"
        },
        "-NCRuq2DvyLepo_C8Fme": {
            "id": "-NCRuq2DvyLepo_C8Fme",
            "name": "Uma Entidade Maligna irá Surgir",
            "weight": "1"
        },
        "-NCRuq2FCTszkxurDJ99": {
            "id": "-NCRuq2FCTszkxurDJ99",
            "name": "Um Segredo Importante",
            "weight": "1"
        },
        "-NCRuq2HfS0qhqD_2z9K": {
            "id": "-NCRuq2HfS0qhqD_2z9K",
            "name": "Relevância Militar ou Estratégica",
            "weight": "1"
        },
        "-NCRuq2JtNr6ByH38YxX": {
            "id": "-NCRuq2JtNr6ByH38YxX",
            "name": "Promessa de Grandes Riquezas",
            "weight": "1"
        },
        "-NCRuq2K3AnbxctX88BY": {
            "id": "-NCRuq2K3AnbxctX88BY",
            "name": "Declaração de Guerra",
            "weight": "1"
        },
        "-NCRuq2Mzzq3OTmSbfKo": {
            "id": "-NCRuq2Mzzq3OTmSbfKo",
            "name": "Uma Pessoa Importante está em Perigo",
            "weight": "1"
        },
        "-NCRuq2O2SNZNPqNjW6f": {
            "id": "-NCRuq2O2SNZNPqNjW6f",
            "name": "Há uma Perigosa disputa em Jogo",
            "weight": "1"
        },
        "-NCRuq2QuKErgBJyikR6": {
            "id": "-NCRuq2QuKErgBJyikR6",
            "name": "A Missão está Conectada com o Passado de um ou mais Personagens",
            "weight": ""
        }
    }
}