{
    "name": "022-GERADOR-DE-AVENTURAS-RPG-OBJETIVO-MISSAO",
    "showplayers": false,
    "id": "-NCRuVMBa8GmDmIoQ4ZF",
    "items": {
        "-NCRuVMCuurscUdBcuQE": {
            "id": "-NCRuVMCuurscUdBcuQE",
            "name": "Encontrar um Item",
            "weight": "1"
        },
        "-NCRuVMDS8Zba2qlNiVD": {
            "id": "-NCRuVMDS8Zba2qlNiVD",
            "name": "Recuperar um Item",
            "weight": "1"
        },
        "-NCRuVMFaT4JDhlRDgMs": {
            "id": "-NCRuVMFaT4JDhlRDgMs",
            "name": "Destruir um Item",
            "weight": "1"
        },
        "-NCRuVMHvM1KRrIhu6OK": {
            "id": "-NCRuVMHvM1KRrIhu6OK",
            "name": "Destruir um Monstro",
            "weight": "1"
        },
        "-NCRuVMIncql_Xw0z0N-": {
            "id": "-NCRuVMIncql_Xw0z0N-",
            "name": "Capturar um Monstro",
            "weight": "1"
        },
        "-NCRuVMKO_kdZpS_rX_X": {
            "id": "-NCRuVMKO_kdZpS_rX_X",
            "name": "Aliar-se a um Monstro",
            "weight": "1"
        },
        "-NCRuVMMRiysb_iU3uVw": {
            "id": "-NCRuVMMRiysb_iU3uVw",
            "name": "Convencer um Monstro",
            "weight": "1"
        },
        "-NCRuVMON3CrT0bXyQPE": {
            "id": "-NCRuVMON3CrT0bXyQPE",
            "name": "Construir ou Montar um Item",
            "weight": "1"
        },
        "-NCRuVMPkClErsQTvN8i": {
            "id": "-NCRuVMPkClErsQTvN8i",
            "name": "Entregar um Item",
            "weight": "1"
        },
        "-NCRuVMRnC08u5AmGOLE": {
            "id": "-NCRuVMRnC08u5AmGOLE",
            "name": "Invadir um Lugar",
            "weight": "1"
        },
        "-NCRuVMS8SKKDH2z4PdN": {
            "id": "-NCRuVMS8SKKDH2z4PdN",
            "name": "Fugir de um Lugar",
            "weight": "1"
        },
        "-NCRuVMUD2EfvCFMOlGI": {
            "id": "-NCRuVMUD2EfvCFMOlGI",
            "name": "Mapear um Lugar",
            "weight": "1"
        },
        "-NCRuVMWBQ7555PKRrvS": {
            "id": "-NCRuVMWBQ7555PKRrvS",
            "name": "Sobreviver a um Lugar",
            "weight": "1"
        },
        "-NCRuVMYdrOGMMrQaI6C": {
            "id": "-NCRuVMYdrOGMMrQaI6C",
            "name": "Destruir um Lugar",
            "weight": "1"
        },
        "-NCRuVMZ_luq15yNcMAH": {
            "id": "-NCRuVMZ_luq15yNcMAH",
            "name": "Restaurar um Item",
            "weight": "1"
        },
        "-NCRuVMaqVENrzYoU493": {
            "id": "-NCRuVMaqVENrzYoU493",
            "name": "Conhecer Alguém",
            "weight": "1"
        },
        "-NCRuVMbsiIfMO_c4BQl": {
            "id": "-NCRuVMbsiIfMO_c4BQl",
            "name": "Convencer Alguém",
            "weight": "1"
        },
        "-NCRuVMdIZJi4cPhJrje": {
            "id": "-NCRuVMdIZJi4cPhJrje",
            "name": "Resgatar Alguém",
            "weight": "1"
        },
        "-NCRuVMfFu1t7JETYpl8": {
            "id": "-NCRuVMfFu1t7JETYpl8",
            "name": "Derrotar Alguém",
            "weight": "1"
        },
        "-NCRuVMhdvJ5PW8xEo00": {
            "id": "-NCRuVMhdvJ5PW8xEo00",
            "name": "Obter Informações sobre (role 1d4) | 1 - Um Item | 2- Um Lugar | 3 - Um Monstro | 4 - Alguém",
            "weight": ""
        }
    }
}