{
    "schema_version": 2,
    "macros": [
        {
            "attributes": {
                "action": "/w gm &{template:traits} {{name=Gerador de Aventuras RPG}} {{source=https://rpg.charlescorrea.com.br}} {{description=[img](https://i.imgur.com/SlBcbjD.jpg)\n** DETALHES DA AVENTURA**\n*Local*: [[1t[022-GERADOR-DE-AVENTURAS-RPG-LOCAL-MISSAO]]]\n\n*Objetivo da Missão*: [[1t[022-GERADOR-DE-AVENTURAS-RPG-OBJETIVO-MISSAO]]]\n\n*Patrocinador / Solicitante*: [[1t[022-GERADOR-DE-AVENTURAS-RPG-PATROCINADOR]]]\n \n*O Motivo para agir*: [[1t[022-GERADOR-DE-AVENTURAS-RPG-MOTIVO-MISSAO]]]\n \n*PLOT TWIST*: [[1t[022-GERADOR-DE-AVENTURAS-RPG-PLOT-TWIST]]]\n----------------\n*Desafio #1*: [[1t[022-GERADOR-DE-AVENTURAS-RPG-Desafios]]]\n \n*Desafio #2*: [[1t[022-GERADOR-DE-AVENTURAS-RPG-Desafios]]] \n\n*Desafio #3*: [[1t[022-GERADOR-DE-AVENTURAS-RPG-Desafios]]]\n\n*Desafio #4*: [[1t[022-GERADOR-DE-AVENTURAS-RPG-Desafios]]] \n\n\n-------------------------\n[Macro By Charles Corrêa http://rpg.charlescorrea.com.br](https://i.imgur.com/kQM1O9d.gif)\n-------------------------\n``**[Macro By Charles Corrêa](http://rpg.charlescorrea.com.br)**``\n-------------------------\n\n\n}}",
                "istokenaction": false,
                "name": "022-Gerador-Aventura-RPG",
                "visibleto": ""
            },
            "macrobar": {
                "color": null,
                "name": null
            }
        }
    ]
}